insert into Categorie(categorie_id, categorie_name) values (0,'Fruits'), (1,'Légumes'), (2,'Crèmerie');
insert into Saison(saison_id, saison_name) values (0,'Printemps'), (1,'Eté'), (2,'Automne'), (3,'Hiver');
insert into Produit (produit_id, categorie_id, produit_name, produit_variete, produit_unite, produit_quantite, produit_stock, produit_prix, produit_provenance, produit_dateCueillette, produit_dureeConservation, produit_calories, produit_glucides, produit_fibres, produit_proteines, produit_filename) values (0, 0, 'Pomme', 'Pink Lady', 'g', 300, 3, 15, 'La Ferme à Dédé', '16/09/2016', 7, 200, 150, 20, 10,'PommePinkLady'), (1, 0, 'Pomme', 'Golden', 'g', 200, 8, 2, 'La Ferme à Dédé', '10/09/2016', 7, 210, 145, 50, 10, 'PommeGolden') ,(2, 0, 'Raisin', 'Centennial', 'g', 500, 3, 62, 'La Ferme à Dédé', '20/09/2016', 4, 315, 155, 21, 11, 'RaisinCentennial'),(3, 1, 'Carotte', 'Colmar à col rouge', 'g', 2500, 5000, 4, 'La Ferme à Dédé', '20/09/2016', 4, 60, 70, 9, 40, ''),(4, 1, 'Carotte', 'Flyaway F1', 'g', 2000, 180, 4, 'La Ferme à Dédé', '20/09/2016', 4, 80, 72, 9, 40, ''),(5, 1, 'Carotte', 'Rouge Sang', 'g', 1500, 88, 3, 'La Ferme à Dédé', '20/09/2016', 4, 80, 74, 9, 40, ''),(6, 2, 'Oeufs', 'élevés en plein air', ' unités', 12, 50, 2, 'La Ferme à Dédé', '20/09/2016', 6, 450, 72, 9, 120, ''); 
insert into ProduitSaison(produitsaison_id,produit_id, saison_id) values (0,0,0), (1,0,1), (2,0,2), (3,0,3), (4,1,0), (5,1,1), (6,1,2), (7,1,3), (8,2,2), (9,3,3), (10,4,2), (11,4,3), (12,5,2), (13,5,3), (14,6,0), (15,6,1), (16,6,2), (17,6,3);